name,,addedAt,episodeId,url
Choose Your Sacrifice - Jordan Peterson's Best Advice to Young Adults | After Skool,,2026-02-02T05:07:28Z,6O12kwWgc1rgtFshAXCpB4,https://open.spotify.com/episode/6O12kwWgc1rgtFshAXCpB4
How to Have a Life Worth Living - Jordan Peterson | After Skool,,2026-02-02T06:57:15Z,3cRqmTQBItez4b4w9QRtC7,https://open.spotify.com/episode/3cRqmTQBItez4b4w9QRtC7
Jordan Peterson - An Antidote to Suffering | After Skool,,2026-02-02T06:59:27Z,0DIIEW5SnzXH0F9hJ0ODjM,https://open.spotify.com/episode/0DIIEW5SnzXH0F9hJ0ODjM
Where is the Line Between GOOD & EVIL? | After Skool,,2026-02-02T22:33:03Z,5r2RazZkwF1MUfg5CLlRDh,https://open.spotify.com/episode/5r2RazZkwF1MUfg5CLlRDh
It's NOT OK to be WEAK - Jordan Peterson Motivation | After Skool,,2026-02-02T22:33:26Z,1OiVU4ZzELW7Gw0XNpG5SP,https://open.spotify.com/episode/1OiVU4ZzELW7Gw0XNpG5SP
 11 Psychology Tricks From the World’s Best Brands - Richard Shotton - #1053,,2026-02-07T00:40:57Z,7DRIHfMqzfNLg1QJoGVpmf,https://open.spotify.com/episode/7DRIHfMqzfNLg1QJoGVpmf
Did Evolutionary Psychology Get Dating All Wrong? - Dr Paul Eastwick - #1056 ,,2026-02-07T21:01:33Z,6jo5WYPQlDsM56Euq0YE7g,https://open.spotify.com/episode/6jo5WYPQlDsM56Euq0YE7g
#2447 - Mike Benz,,2026-02-08T00:40:00Z,5Szvaagthz8yARhtIgZDHb,https://open.spotify.com/episode/5Szvaagthz8yARhtIgZDHb
They Tried To Cancel Me But Now I'm Free - Mike Graham,,2026-02-09T11:18:43Z,70KybHwQzGI1JkdGBMcCjQ,https://open.spotify.com/episode/70KybHwQzGI1JkdGBMcCjQ
How Humans Select & Keep Romantic Partners in Short & Long Term | Dr. David Buss,,2026-02-11T11:36:14Z,3FACIgVTOs46Vq9JgzqIak,https://open.spotify.com/episode/3FACIgVTOs46Vq9JgzqIak
"Conversations: With Konstantin Kisin, Podcaster, Comedian & Author",,2026-02-11T11:46:20Z,7zUXHUtqKBqV6d8vaFWiVi,https://open.spotify.com/episode/7zUXHUtqKBqV6d8vaFWiVi
Has Academia Fallen? With Jim Butcher,,2026-02-11T12:21:11Z,4xzAjoobKrjUnSzAgwwrEJ,https://open.spotify.com/episode/4xzAjoobKrjUnSzAgwwrEJ
347. Parental Trauma in a World of Gender Insanity | Miriam Grossman MD,,2026-02-11T12:31:52Z,25DUZncQNyobZ71QXeBmOi,https://open.spotify.com/episode/25DUZncQNyobZ71QXeBmOi
353. The US Dollar Might Collapse | Peter Schiff,,2026-02-14T13:22:13Z,6QbEVVlB35NwuCaxwzdczo,https://open.spotify.com/episode/6QbEVVlB35NwuCaxwzdczo
290. Douglas Murray & Jonathan Pageau,,2026-02-14T14:39:14Z,1QaozAPSwSDF8ju01Fg54w,https://open.spotify.com/episode/1QaozAPSwSDF8ju01Fg54w
#82 Navigating Global Challenges: Bob Carr's perspectives on war and diplomacy,,2026-02-14T15:56:23Z,3QOZgP16PgrIje5Nr4KemP,https://open.spotify.com/episode/3QOZgP16PgrIje5Nr4KemP
Is religion good or bad for society? Ben Shapiro v Alex O'Connor The Big Conversation – Episode 7 | Season 5,,2026-02-14T16:46:45Z,4r6rxdBYJgMMPQ6qRsmIou,https://open.spotify.com/episode/4r6rxdBYJgMMPQ6qRsmIou
#1723 - Amishi Jha,,2026-02-14T18:58:33Z,57hZuU1AVnO78DO3Bjno8c,https://open.spotify.com/episode/57hZuU1AVnO78DO3Bjno8c
#2411 - Gavin de Becker,,2026-02-14T19:07:43Z,5WtadlmloeZkwYkPilDNZV,https://open.spotify.com/episode/5WtadlmloeZkwYkPilDNZV
#2443 - Filippo Biondi,,2026-02-14T19:07:53Z,6viS5R5VpncMRBUZHuFZLC,https://open.spotify.com/episode/6viS5R5VpncMRBUZHuFZLC
#58 Michael Knowles - Is America a Christian Nation?,,2026-02-26T05:55:39Z,3dnj4vwWUrgAo9LWSqRxmK,https://open.spotify.com/episode/3dnj4vwWUrgAo9LWSqRxmK
Is Apple Cider Vinegar Safe for Your Hair?,,2026-02-26T06:00:54Z,6SnusY6YtEtF6fVuFeZlxr,https://open.spotify.com/episode/6SnusY6YtEtF6fVuFeZlxr
Is the US headed towards another civil war? | Barbara F. Walter,,2026-02-28T02:22:17Z,6VDO7ogtwrMRrAZ3XoKpIK,https://open.spotify.com/episode/6VDO7ogtwrMRrAZ3XoKpIK
"Conversations: Konstantin Kisin, Podcaster, Comedian & Commentator IV",,2026-02-28T02:31:42Z,0bCDNliWDmbbWOGIXJ9Xu1,https://open.spotify.com/episode/0bCDNliWDmbbWOGIXJ9Xu1
It's SO OVER for Dubai | Philion,,2026-02-28T07:04:06Z,38S4xQS1qbRRaeO2jWnCDw,https://open.spotify.com/episode/38S4xQS1qbRRaeO2jWnCDw
America and China fight to control minerals that run the world,,2026-02-28T09:05:34Z,0VMbwRvHM9mFfka79Uac7f,https://open.spotify.com/episode/0VMbwRvHM9mFfka79Uac7f
"Somalia gave its coastline away, here's why it matters",,2026-02-28T21:04:25Z,3ZG7Jdx5vJOvBKJV03qSRb,https://open.spotify.com/episode/3ZG7Jdx5vJOvBKJV03qSRb
The Performative Male Epidemic - Louise Perry & Mary Harrington - #1021 ,,2026-03-03T03:16:49Z,4AU20LNBXuV4GCM6XbwqgZ,https://open.spotify.com/episode/4AU20LNBXuV4GCM6XbwqgZ
#134 Rory Sutherland's Hilarious Hidden Quirks ,,2026-03-03T03:25:33Z,5DFpccNbYcqdgxNkq7sGiO,https://open.spotify.com/episode/5DFpccNbYcqdgxNkq7sGiO
The Problem With Feminising Society - Helen Andrews,,2026-03-03T03:33:05Z,3gOSdB2ccKoMPlFyrrwGy9,https://open.spotify.com/episode/3gOSdB2ccKoMPlFyrrwGy9
The Emotional Cost Of Undiagnosed ADHD & How To Reverse It | Dr Lalitaa Suglani (Psychologist),,2026-03-03T03:34:07Z,6JBfxm6nhyiQpyvo46wBIj,https://open.spotify.com/episode/6JBfxm6nhyiQpyvo46wBIj
"#148 Jimmy Carr - How to Build Confidence, Find Love & Stop Wasting Your Life",,2026-03-03T03:35:38Z,3XrJpgNcrtGonaPAC3NQRW,https://open.spotify.com/episode/3XrJpgNcrtGonaPAC3NQRW
The Invisible Struggle: The Truth About Women's ADHD (Explained by a psychiatrist) | Dr Shyamal Mashru,,2026-03-03T03:43:35Z,4MM8o1HTdd83atwZM0XwBf,https://open.spotify.com/episode/4MM8o1HTdd83atwZM0XwBf
3 Dark Ways Trauma Can Manifest In ADHD Women | Ella McCrystal,,2026-03-03T03:44:10Z,4YlA6Bx2UwGwgcgZFQlpzq,https://open.spotify.com/episode/4YlA6Bx2UwGwgcgZFQlpzq
Venezuela Update with Francis Foster and Konstantin Kisin,,2026-03-03T03:51:05Z,4Bc8QMTydlyweQuKQanvOd,https://open.spotify.com/episode/4Bc8QMTydlyweQuKQanvOd
Why Socialism Never Works - A Warning From Venezuela - Daniel Di Martino,,2026-03-03T03:51:28Z,1gmv30QvOpQGy4bR4AJlvn,https://open.spotify.com/episode/1gmv30QvOpQGy4bR4AJlvn
"Stop Believing These ADHD Myths: Get the Real Deal, with Dr. Steven Storage",,2026-03-03T03:53:08Z,0pWXOwOYM62caSSM0Bf297,https://open.spotify.com/episode/0pWXOwOYM62caSSM0Bf297
"Adderall, Stimulants & Modafinil for ADHD: Short- & Long-Term Effects",,2026-03-03T03:55:51Z,46Z6qSSNwcn50qOyBqGdiu,https://open.spotify.com/episode/46Z6qSSNwcn50qOyBqGdiu
#2380 - Jordan Jensen,,2026-03-03T03:56:26Z,5Sa4MStve4Pq4Fp179skbN,https://open.spotify.com/episode/5Sa4MStve4Pq4Fp179skbN
LIVE Iran Update with Mahyar Tousi,,2026-03-03T03:57:03Z,2dqqXtEA7ljowBSXJOssS0,https://open.spotify.com/episode/2dqqXtEA7ljowBSXJOssS0
Behaviour Change Scientist on ADHD & Addiction: Shahroo Izadi,,2026-03-03T04:12:45Z,4RLFyR47HJHye71FDmQdzd,https://open.spotify.com/episode/4RLFyR47HJHye71FDmQdzd
The “devastating” findings of a decades-long ADHD study | Hyperfocus,,2026-03-03T05:16:12Z,4T1bfo2N8P7Cv5P93t61yR,https://open.spotify.com/episode/4T1bfo2N8P7Cv5P93t61yR
Adam Lane Smith + Andrey Korikov | Fear vs. Freedom: How To Choose Love Over Fear When It Matters Most,,2026-03-03T05:19:25Z,1DUJ5H8rESuZWHO1lVDAz8,https://open.spotify.com/episode/1DUJ5H8rESuZWHO1lVDAz8
ADHD & How Anyone Can Improve Their Focus,,2026-03-03T05:22:10Z,4Ahg0IWnyDPpKwIrrogOis,https://open.spotify.com/episode/4Ahg0IWnyDPpKwIrrogOis
Ep. 3739 What Italy Just DID To Its Muslims Changes EVERYTHING!!!,,2026-03-03T05:33:27Z,2BdYfkpoLGPrYbgtvNvtxF,https://open.spotify.com/episode/2BdYfkpoLGPrYbgtvNvtxF
Minisode 115: Top 5 ADHD Medications Ranked (By a Psychiatrist!),,2026-03-03T05:34:25Z,2qbeXoDFEed1GSNpdaVlQU,https://open.spotify.com/episode/2qbeXoDFEed1GSNpdaVlQU
The Radicalisation Of America - Gregg Hurwitz,,2026-03-03T05:47:21Z,1QZZRHleFt8Teug0BfRJjl,https://open.spotify.com/episode/1QZZRHleFt8Teug0BfRJjl
A Harmless Man is NOT a Good Man - Jordan Peterson | After Skool,,2026-03-03T05:53:49Z,6vXEA4dVOfu9Y1QY0bMt87,https://open.spotify.com/episode/6vXEA4dVOfu9Y1QY0bMt87
The Dangers of Victimhood - Jordan Peterson | After Skool,,2026-03-03T05:54:51Z,2WLYHUwXZLlkXmt17pUgkA,https://open.spotify.com/episode/2WLYHUwXZLlkXmt17pUgkA
Why is the VICTIM Mindset So Attractive? - Baggage Claim | After Skool,,2026-03-03T05:55:30Z,6wOL2NXJhCqINkGuVCisgD,https://open.spotify.com/episode/6wOL2NXJhCqINkGuVCisgD
Alan Watts - The Road to Hell is Paved with Good Intentions | After Skool,,2026-03-03T05:55:56Z,5OW3tEZwVkE2NiwAkIWFKQ,https://open.spotify.com/episode/5OW3tEZwVkE2NiwAkIWFKQ
F-Boy 101 | KC Shornima | Stand Up Comedy,,2026-03-03T06:01:21Z,37RqgloECICoID7Eqe1tuw,https://open.spotify.com/episode/37RqgloECICoID7Eqe1tuw
Why You Should Stop Watching YouTube (Yes even this Podcast),,2026-03-03T06:03:52Z,6PUjSHTNOIA9vwzoxPNIel,https://open.spotify.com/episode/6PUjSHTNOIA9vwzoxPNIel
Why Inbreeding is Terrible AND Amazing - Bret Weinstein | After Skool,,2026-03-03T06:04:58Z,2bSb01LKFwW5y8tQ8C2mHg,https://open.spotify.com/episode/2bSb01LKFwW5y8tQ8C2mHg
Multiculturalism And Extremism Are Sabotaging The West | Henry Ergas,,2026-03-03T06:05:22Z,0VtBzwSLIVS7FW0CQsOLme,https://open.spotify.com/episode/0VtBzwSLIVS7FW0CQsOLme
Keir Starmer is Finished. But What Did We Learn From Mandelson/Epstein Affair? - Konstantin Kisin,,2026-03-03T06:12:59Z,5Xr2T1IqKthDEcPLeUP9Bx,https://open.spotify.com/episode/5Xr2T1IqKthDEcPLeUP9Bx
"Jeremy Boreing On Candace Owens, Tucker Carlson and Nick Fuentes",,2026-03-03T06:13:21Z,70SF7E1b5id7XfdcF1CghN,https://open.spotify.com/episode/70SF7E1b5id7XfdcF1CghN
They Tried To Cancel Me So Many Times I Stopped Caring - Greg Gutfeld,,2026-03-03T06:13:39Z,3KsNl15oaPh10bFhziR97B,https://open.spotify.com/episode/3KsNl15oaPh10bFhziR97B
How the Internet Ruins Young People - Freya India,,2026-03-03T06:24:26Z,4KRNyuezTygfEZVABn4A8s,https://open.spotify.com/episode/4KRNyuezTygfEZVABn4A8s
My Mother had Toxic Masculinity | Jay Larson | Stand Up Comedy,,2026-03-03T06:25:47Z,2nPWh6rRrG78xBkOwt1bNb,https://open.spotify.com/episode/2nPWh6rRrG78xBkOwt1bNb
"Robert Jenrick - ""I Joined Reform To Save The Country""",,2026-03-03T06:26:46Z,64SbstrRaMciDN2scQgpWy,https://open.spotify.com/episode/64SbstrRaMciDN2scQgpWy
Is This The End of Humanity? - Eric Weinstein,,2026-03-03T06:27:26Z,47pdRvWUGBqHmIj6uwWx5e,https://open.spotify.com/episode/47pdRvWUGBqHmIj6uwWx5e
Mel Gibson Tried to Warn You (And Hollywood Destroyed Him For It) | Moon,,2026-03-03T06:28:04Z,0kDNfJxI6nKBGevBzfyxz5,https://open.spotify.com/episode/0kDNfJxI6nKBGevBzfyxz5
#1709 - Amanda Knox,,2026-03-03T06:30:41Z,5N3DTJENpGqbRDFYalntkT,https://open.spotify.com/episode/5N3DTJENpGqbRDFYalntkT
When Creepy Celebrities Exposed Themselves on Conan | Moon,,2026-03-03T06:31:29Z,0d5BsoC5dcrhLhdE0AFnCK,https://open.spotify.com/episode/0d5BsoC5dcrhLhdE0AFnCK
"The Pathetic Life of an Internet ""Alpha Male""",,2026-03-03T06:31:46Z,7orefgcCQQk6DRySWsq9JC,https://open.spotify.com/episode/7orefgcCQQk6DRySWsq9JC
When Your Favorite Movie Aged Terribly,,2026-03-03T06:33:27Z,6SrQCDJnGb4tds6NPtapv4,https://open.spotify.com/episode/6SrQCDJnGb4tds6NPtapv4
The Psychology of The Restless Wanderer,,2026-03-03T06:38:32Z,7xtezVBr6AklntGMWs8RDB,https://open.spotify.com/episode/7xtezVBr6AklntGMWs8RDB
Is Being Smart Worth the Depression? - Alex O’Connor & Joe Folley - #1012 ,,2026-03-03T06:38:54Z,02nE2SBmL0jle3vfYb4dNy,https://open.spotify.com/episode/02nE2SBmL0jle3vfYb4dNy
#2448 - Andrew Doyle,,2026-03-03T06:39:08Z,627xqGgvGz9w4cZAClqri1,https://open.spotify.com/episode/627xqGgvGz9w4cZAClqri1
"#2454 - Robert Malone, MD",,2026-03-03T06:39:29Z,7aTgdbWt4rLg7H7BbErXMC,https://open.spotify.com/episode/7aTgdbWt4rLg7H7BbErXMC
#2451 - Cheryl Hines,,2026-03-03T06:40:03Z,4sjsBhsIf45Nut5H0bE11A,https://open.spotify.com/episode/4sjsBhsIf45Nut5H0bE11A
Essentials: How Humans Select & Keep Romantic Partners in the Short & Long Term | Dr. David Buss,,2026-03-03T06:40:28Z,2wP0uTefdUM4b2PSykf0DP,https://open.spotify.com/episode/2wP0uTefdUM4b2PSykf0DP
Analyzing Evil: Agent Smith And The World Of The Matrix,,2026-03-03T06:42:00Z,3BbNbRHivVGOz8HJG8aHiw,https://open.spotify.com/episode/3BbNbRHivVGOz8HJG8aHiw
#67 – Mihaly Csikszentmihalyi: Flow,,2026-03-03T06:42:15Z,4Zm19BrJU1L5hvrnCDpoTq,https://open.spotify.com/episode/4Zm19BrJU1L5hvrnCDpoTq
The Diffusion of Innovation Theory,,2026-03-03T06:42:22Z,7ocPNLwoO1fOeXrdJQYVC3,https://open.spotify.com/episode/7ocPNLwoO1fOeXrdJQYVC3
Ep. 36 - David Puts: Evolutionary Anthropologist Explains How Men Evolved,,2026-03-03T06:42:31Z,4ghbqJuVw4KXle2Y3AuYrv,https://open.spotify.com/episode/4ghbqJuVw4KXle2Y3AuYrv
The Psychology of Creativity,,2026-03-03T06:42:38Z,3RJEqujQozarIiq0L4I8nz,https://open.spotify.com/episode/3RJEqujQozarIiq0L4I8nz
"Dr Diana Fleischman on Evolutionary Psychology, Men & Women & Effective Altruism",,2026-03-03T06:42:53Z,2g8uSjFibZzadZoHdqcDch,https://open.spotify.com/episode/2g8uSjFibZzadZoHdqcDch
How To Style An Hourglass Shaped Body,,2026-03-03T06:43:04Z,2epoFoZAN6c5FQpkQ2jIPr,https://open.spotify.com/episode/2epoFoZAN6c5FQpkQ2jIPr
#137 Debunking Arguments for God - Graham Oppy,,2026-03-03T06:43:14Z,5RTSvuuzqI8cylt5vMTt4I,https://open.spotify.com/episode/5RTSvuuzqI8cylt5vMTt4I
"#143 Hinduism, Consciousness and Advaita Vedanta - Swami Sarvapriyananda",,2026-03-03T06:43:31Z,6SDJTwnt82zdxO4BDqNQEC,https://open.spotify.com/episode/6SDJTwnt82zdxO4BDqNQEC
 Remember Shane Dawson? His Life is Ruined Now...,,2026-03-03T06:45:08Z,5j2FacIn3iaDRTmRwGHM3z,https://open.spotify.com/episode/5j2FacIn3iaDRTmRwGHM3z
#150 - Curtis Yarvin - Can Democracy Survive AI and Debt?,,2026-03-03T06:46:57Z,3Wlm1QG4KhJRpaLpYRzu4c,https://open.spotify.com/episode/3Wlm1QG4KhJRpaLpYRzu4c
#2457 - Michael Malice,,2026-03-03T06:49:33Z,1kfWB2DhSOhZfM0ukBDUfK,https://open.spotify.com/episode/1kfWB2DhSOhZfM0ukBDUfK
#2445 - Bert Kreischer,,2026-03-03T06:50:25Z,180ulh8m7Z0nMem9Yl2KZj,https://open.spotify.com/episode/180ulh8m7Z0nMem9Yl2KZj
How to Survive the Death of Your Old Self - Charlie Houpert - #1063 ,,2026-03-09T03:07:57Z,46UnDCApMBfKhdMNRpNdqD,https://open.spotify.com/episode/46UnDCApMBfKhdMNRpNdqD
The Brutal Tactics of Female Sexual Competition - Dr Dani Sulikowski - #1064 ,,2026-03-09T09:06:35Z,3lCFW6ZV9eDJWUXs5IS4uH,https://open.spotify.com/episode/3lCFW6ZV9eDJWUXs5IS4uH
Why Smart People Struggle to “Be Normal”,,2026-03-09T23:28:38Z,0v2inmb086VZZZLNZMMQnN,https://open.spotify.com/episode/0v2inmb086VZZZLNZMMQnN
What If the “Crazy” Ones Are Right? – Conspiracy Theories,,2026-03-10T06:48:08Z,7fU6nEQqloQRdqSXV1jEFr,https://open.spotify.com/episode/7fU6nEQqloQRdqSXV1jEFr
Mel Gibson Tried To Warn You,,2026-03-12T12:34:42Z,5KayDRvGDRpXNi5hEtaUAl,https://open.spotify.com/episode/5KayDRvGDRpXNi5hEtaUAl
The Climate Crisis is a Scam - Professor Ian Plimer,,2026-03-13T01:18:27Z,6ZEsUzsLhiJkM1QHTIOxZV,https://open.spotify.com/episode/6ZEsUzsLhiJkM1QHTIOxZV
Why Beautiful Things Make us Happy – Beauty Explained,,2026-03-15T09:46:37Z,3D0Go6PN7dYjUX6h2EnV93,https://open.spotify.com/episode/3D0Go6PN7dYjUX6h2EnV93
Australia's Quiet Collapse,,2026-03-20T09:18:18Z,0DDqJYyNM0RAbZcLnnMgaL,https://open.spotify.com/episode/0DDqJYyNM0RAbZcLnnMgaL
#2476 - Shanna H. Swan,,2026-05-01T07:25:11Z,2YHcBGVPW5B8iqdk8YliDm,https://open.spotify.com/episode/2YHcBGVPW5B8iqdk8YliDm
#146 The Most Complicated Thing in the Universe: What is the Brain?,,2026-05-02T03:27:58Z,1xO2HOmxHddlOq3agRaTmf,https://open.spotify.com/episode/1xO2HOmxHddlOq3agRaTmf
#147 What is PURE Consciousness? - Thomas Metzinger,,2026-05-02T07:26:38Z,6putLYPkhczkpI7XHEJOar,https://open.spotify.com/episode/6putLYPkhczkpI7XHEJOar
Who Decides What’s True on Wikipedia?,,2026-05-02T08:34:45Z,0PvGxAFfx8BHrZD3czwetn,https://open.spotify.com/episode/0PvGxAFfx8BHrZD3czwetn
What People Get Wrong About Birthright Citizenship,,2026-05-03T03:10:30Z,2M7KoJ3feYNAHAb5qMSuI0,https://open.spotify.com/episode/2M7KoJ3feYNAHAb5qMSuI0
#145 The Algorithm is God Now - The Etymology Nerd,,2026-05-04T05:32:56Z,0ocxdAwXwa2Pmv8dJPT80C,https://open.spotify.com/episode/0ocxdAwXwa2Pmv8dJPT80C
Why Men Fear Women,,2026-05-05T02:58:58Z,599zDbYCRNYAEN5vYQOZHT,https://open.spotify.com/episode/599zDbYCRNYAEN5vYQOZHT
Carl Jung as Therapist – Your Problems Don’t Lie in the Past,,2026-05-05T03:13:10Z,0A2QWXG2LUuwUokkwLAbgg,https://open.spotify.com/episode/0A2QWXG2LUuwUokkwLAbgg
#2314 - Hal Puthoff,,2026-06-18T17:27:47Z,1bVRf3i6Qnfg3dwoQ72e47,https://open.spotify.com/episode/1bVRf3i6Qnfg3dwoQ72e47
#2516 - Rowan Jacobsen,,2026-06-22T11:37:20Z,42OAtqh3iHebi8cuwEJgQa,https://open.spotify.com/episode/42OAtqh3iHebi8cuwEJgQa
#2513 - Dean Radin,,2026-06-23T08:31:04Z,2c50dZKpJcLjAfGXhOMRxD,https://open.spotify.com/episode/2c50dZKpJcLjAfGXhOMRxD
Unlearn Negative Thoughts & Behaviors Patterns | Dr. Alok Kanojia,,2026-06-24T14:35:15Z,6dYpYtcxZF4ukh7xntIO2h,https://open.spotify.com/episode/6dYpYtcxZF4ukh7xntIO2h
Lovemaxxing E1: I did EVERYTHING right. I still can't find love.,,2026-06-24T18:06:40Z,48QDGIdADnHcamQ1FAg35i,https://open.spotify.com/episode/48QDGIdADnHcamQ1FAg35i
Dr. K: Feeling Lost in Your 20s or 30s?  (THIS Mindset Shift Will Help You Find Direction & Purpose),,2026-06-25T16:05:37Z,4wBgIQifamxkjgsJvP7U7a,https://open.spotify.com/episode/4wBgIQifamxkjgsJvP7U7a
#2503 - Eric Weinstein,,2026-06-26T17:43:34Z,6z0SLDw1a2MZmo7fnLgENu,https://open.spotify.com/episode/6z0SLDw1a2MZmo7fnLgENu
#2501 - Marc Andreessen,,2026-06-26T17:43:48Z,6YWW07RV3YmQuNRpXu0z7M,https://open.spotify.com/episode/6YWW07RV3YmQuNRpXu0z7M
"Science of Attraction, Compatibility & Romance | Dr. Paul Eastwick",,2026-06-26T17:47:48Z,1ql2r9T7y0I1h5m7FIjrch,https://open.spotify.com/episode/1ql2r9T7y0I1h5m7FIjrch
#2518 - Tim Dillon,,2026-06-27T10:35:25Z,0fp0NvYfTIhz2mOozKqMnF,https://open.spotify.com/episode/0fp0NvYfTIhz2mOozKqMnF
Lovemaxxing E2: Why You Freeze Up When You Talk to Women,,2026-06-27T22:02:52Z,77iHgGqDnSD7MHx0TmWXJ6,https://open.spotify.com/episode/77iHgGqDnSD7MHx0TmWXJ6
Why Nobody Feels Loved Anymore - Sonja Lyubomirsky - #1115,,2026-06-28T19:51:17Z,1OeSlM6TfcwgccVhyGanjs,https://open.spotify.com/episode/1OeSlM6TfcwgccVhyGanjs
Anti-Aging Expert: This Reverses Gray Hair & Boosts Your Energy!,,2026-07-07T23:27:37Z,3YoOBZjNmFNfz0bxNgI73P,https://open.spotify.com/episode/3YoOBZjNmFNfz0bxNgI73P
Lovemaxxing E3: Why Modern Dating Feels Like Parenting,,2026-07-09T20:33:27Z,0aEqfTPATBDcRXCjOp6lta,https://open.spotify.com/episode/0aEqfTPATBDcRXCjOp6lta
Creatine Expert: Creatine Is The Secret To Weight Loss,,2026-07-11T02:55:54Z,6UBZG1E59BZh58Px1shq9S,https://open.spotify.com/episode/6UBZG1E59BZh58Px1shq9S
We built our own CIA-like intelligence hub,,2026-07-11T03:24:19Z,6r1Jqalmfn2Sj45EdEc9cW,https://open.spotify.com/episode/6r1Jqalmfn2Sj45EdEc9cW
"Holly Madison Opens Up About Her Autism Diagnosis, Battling Depression & Reveals Her Brain Scan Results",,2026-07-11T05:28:13Z,7c030lyyvyW72aaqGvIKaW,https://open.spotify.com/episode/7c030lyyvyW72aaqGvIKaW
Why Russia is Suddenly Losing in Ukraine,,2026-07-11T06:48:32Z,7diJ6pOYEKXJKsi9mi2TbE,https://open.spotify.com/episode/7diJ6pOYEKXJKsi9mi2TbE
Are brands inflating their sales numbers? How that means you could SAVE ON NEW CARS,,2026-07-15T06:58:07Z,0TkcyWKeyYsBzTOH536iS3,https://open.spotify.com/episode/0TkcyWKeyYsBzTOH536iS3
Michelle Thaller: Modern physics is forcing us to rethink existence,,2026-07-17T01:06:12Z,7plQ7SkEyetrReY9in57VI,https://open.spotify.com/episode/7plQ7SkEyetrReY9in57VI
Anima & Animus: The Two Forces Shaping Your Personality,,2026-07-24T02:50:11Z,1MUwD79gqadC40TNDUHoJx,https://open.spotify.com/episode/1MUwD79gqadC40TNDUHoJx
#2530 – Timothy Alberino,,2026-07-28T03:35:15Z,6Yl3DgBWFLHCM6YTyPAcwb,https://open.spotify.com/episode/6Yl3DgBWFLHCM6YTyPAcwb
I’m Not Masculine Enough,,2026-08-02T11:38:30Z,7nIxCrGP9lBcpSbtWhrpP8,https://open.spotify.com/episode/7nIxCrGP9lBcpSbtWhrpP8
